Row Labels,Sum of Available Slots
https://www.volunteer.gov.sg/volunteer/opportunity/details/?id=01026409-ecd0-ec11-a9fb-f9ace7e5f016,13
3779 Jalan Bukit Merah #01-03 Singapore 159462,12
Virtual Red Box (ZOOM) Singapore 238165,1
https://www.volunteer.gov.sg/volunteer/opportunity/details/?id=04ea3b29-a2a3-ec11-a9fa-e4c9a5b6a377,16
Online Singapore 238165,16
https://www.volunteer.gov.sg/volunteer/opportunity/details/?id=05432389-88f6-ec11-a9fe-85070ef30829,9791
1 Stadium Drive Energy Centre Singapore 397629,9791
https://www.volunteer.gov.sg/volunteer/opportunity/details/?id=058cac31-6864-eb11-a9ea-a0e180fa5298,952
40 Scotts Road #14-00 Environment Building Singapore 228231,952
https://www.volunteer.gov.sg/volunteer/opportunity/details/?id=06c41b98-6093-eb11-a9ed-fcbf2374cac6,0
411B Jalan Mashhor Masjid Omar Salmah Singapore 299173,0
https://www.volunteer.gov.sg/volunteer/opportunity/details/?id=07e78704-4bda-ec11-aa01-f87a764abaad,1
31 Marina Park Singapore The Meadow Singapore 018953,0
"78 Airport Boulevard Jewel Changi Airport Singapore 819666, Event Venue: Jewel Changi Airport, Rain Vortex",0
"82 Palawan Beach Walk Palawan Green, Siloso Beach Walk, Sentosa Singapore 098236",1
https://www.volunteer.gov.sg/volunteer/opportunity/details/?id=0a43e2e4-99e4-ec11-a9fc-e34b68278fc6,20
111 Edgefield Plains HDB Singapore 820111,20
https://www.volunteer.gov.sg/volunteer/opportunity/details/?id=0ab7782f-40d0-ec11-aa00-beebdfe11d82,0
810 Bukit Batok West Avenue 5 Bukit Gombak Sports Centre Singapore 659088,0
https://www.volunteer.gov.sg/volunteer/opportunity/details/?id=0add5695-e092-eb11-a9ed-fcbf2374cac6,2
27B Jalan Mempurong Masjid Petempatan Melayu Sembawang Singapore 759055,2
https://www.volunteer.gov.sg/volunteer/opportunity/details/?id=0b74064e-a8f3-ec11-a9fe-85070ef30829,97
95 Hougang Avenue 4 Hougang Swimming Complex Singapore 538830,97
https://www.volunteer.gov.sg/volunteer/opportunity/details/?id=0c32a09e-31e2-ec11-a9fc-e34b68278fc6,0
5 Stadium Drive Ocbc Arena Singapore 397631,0
https://www.volunteer.gov.sg/volunteer/opportunity/details/?id=0f10be7d-dcd7-ec11-a9fc-e34b68278fc6,3
"329 Clementi Avenue 2 #01-248 Singapore 120329, SHINE Clementi Site",3
https://www.volunteer.gov.sg/volunteer/opportunity/details/?id=10ac253b-ede0-ec11-a9fc-e34b68278fc6,6
8 Stadium Walk Water Sports Centre Singapore 397699,6
https://www.volunteer.gov.sg/volunteer/opportunity/details/?id=13610c47-11ed-ec11-a9fd-f74269a6f56d,0
8 Marina Gardens Drive Marina Bay Areas Singapore 018951,0
https://www.volunteer.gov.sg/volunteer/opportunity/details/?id=137d87ef-4ff6-ea11-a9e7-bcd88e5db6b4,20
210 Jurong East Street 21 #01-389 Hdb-jurong East Singapore 600210,20
https://www.volunteer.gov.sg/volunteer/opportunity/details/?id=1438c68d-f0e5-ec11-a9fc-e34b68278fc6,1
1384 Ang Mo Kio Avenue 1 Bishan-Ang Mo Kio Park (River Plains) Singapore 569932,1
https://www.volunteer.gov.sg/volunteer/opportunity/details/?id=14812414-d0f2-ec11-aa03-eadca8c96776,1
11 Eunos Road 8 Lifelong Learning Institute Singapore 408601,1
https://www.volunteer.gov.sg/volunteer/opportunity/details/?id=14fb4c59-f992-ec11-a9f8-8430399f4244,69
113 Somerset Road The Red Box Singapore 238165,7
31 Chai Chee Avenue #01-180 ComLink Activity Space Singapore 461031,62
https://www.volunteer.gov.sg/volunteer/opportunity/details/?id=152d5e0e-41db-ec11-a9fc-e34b68278fc6,162
"20 Jurong West Street 93 Jurong West Sports & Recreation Centre Singapore 648965, Sport Hall",162
https://www.volunteer.gov.sg/volunteer/opportunity/details/?id=16924ff4-2ca5-ec11-a9ff-dc9750ca68cb,11
113 Somerset Road The Red Box Singapore 238165,10
317 Woodlands Street 31 #01-196 SAMH Creative SAY! Singapore 730317,1
https://www.volunteer.gov.sg/volunteer/opportunity/details/?id=177519fc-a2fe-ec11-a9ff-9d1555179c89,8
60 Pasir Ris Drive 1 Life Student Care - Park View Primary Singapore 519524,8
https://www.volunteer.gov.sg/volunteer/opportunity/details/?id=181ff378-f4d0-ec11-a9fb-f9ace7e5f016,6
101 Yishun Avenue 1 Yishun Sports Centre Singapore 769130,2
120 Pasir Ris Central Pasir Ris Sports And Recreation Centre Singapore 519640,2
20 Jurong West Street 93 Jurong West Sport Centre Singapore 648965,2
5 Stadium Drive Ocbc Arena Singapore 397631,0
https://www.volunteer.gov.sg/volunteer/opportunity/details/?id=18f77094-7386-eb11-a9ec-918337dc3c79,181
210 Jurong East Street 21 #01-389 Singapore 600210,181
https://www.volunteer.gov.sg/volunteer/opportunity/details/?id=1c9082b7-81f7-ec11-aa03-eadca8c96776,22
101 Bukit Panjang Road Senja-Cashew Swimming Complex Singapore 670534,22
https://www.volunteer.gov.sg/volunteer/opportunity/details/?id=21566fb8-fcd0-ec11-a9fb-f9ace7e5f016,20
1 Engku Aman Turn Geylang Serai Community Club Singapore 408528,0
11 Bedok North Street 1 Heartbeat @ Bedok Singapore 469662,20
https://www.volunteer.gov.sg/volunteer/opportunity/details/?id=2282da92-6793-eb11-a9ed-fcbf2374cac6,0
120 Tampines Road Masjid En-naeem Singapore 535136,0
https://www.volunteer.gov.sg/volunteer/opportunity/details/?id=22d7a5ab-fdd0-ec11-a9fb-f9ace7e5f016,0
21 Canberra Link Bukit Canberra Sport Hall Singapore 752350,0
https://www.volunteer.gov.sg/volunteer/opportunity/details/?id=24106eef-18cc-ec11-aa00-beebdfe11d82,3
"100 Sembawang Drive Cochrane Recreation Centre Singapore 756998, MPH 1 (Beside the canteen)",3
https://www.volunteer.gov.sg/volunteer/opportunity/details/?id=253e5905-3817-eb11-a9e8-f8e3bd2f73ca,1907
512 Thomson Road MSF Building Singapore 298136,1907
https://www.volunteer.gov.sg/volunteer/opportunity/details/?id=255eb491-d9fd-ec11-a9ff-9d1555179c89,42
518 Clementi Avenue 3 Clementi Sports Centre Singapore 129907,42
https://www.volunteer.gov.sg/volunteer/opportunity/details/?id=28e251d8-e1af-ec11-a9fa-e4c9a5b6a377,12
"2 Dairy Farm Lane German European School Singapore Singapore 677621, Field",12
https://www.volunteer.gov.sg/volunteer/opportunity/details/?id=29afd5b1-588d-ec11-a9f8-8430399f4244,0
"11 Bedok North Street 1 Heartbeat@Bedok Singapore 469662, ActiveSG Bedok",0
https://www.volunteer.gov.sg/volunteer/opportunity/details/?id=29bb49c3-4d56-ec11-a9f8-a89d864c275d,462
51 Kee Sun Avenue Wisma Mendaki Singapore 457056,462
https://www.volunteer.gov.sg/volunteer/opportunity/details/?id=30572f7b-cbf2-ec11-a9fe-85070ef30829,0
"105 Canberra Street Eastbrook @ Canberra Singapore 750105, Blossom Seeds",0
https://www.volunteer.gov.sg/volunteer/opportunity/details/?id=34630006-0d57-ec11-a9f8-a89d864c275d,0
170 Stirling Road #01-1121 Singapore 140170,0
https://www.volunteer.gov.sg/volunteer/opportunity/details/?id=368aed25-8ce0-ec11-a9fc-e34b68278fc6,1
82 Palawan Beach Walk Festival Village @ Palawan Green Singapore 098236,1
https://www.volunteer.gov.sg/volunteer/opportunity/details/?id=3a6d39ab-1082-eb11-a9ec-918337dc3c79,2
10 Gentle Road Masjid Abdul Hamid (kg Pasiran) Singapore 309194,2
https://www.volunteer.gov.sg/volunteer/opportunity/details/?id=3b26950c-3ede-ec11-a9fc-e34b68278fc6,32
901 Bedok Reservoir Road Pavillion (beside Wawawa Bistro) Singapore 479266,32
https://www.volunteer.gov.sg/volunteer/opportunity/details/?id=3c9fbe23-71d6-ec11-a9fb-f9ace7e5f016,142
11 Bedok North Street 1 Heartbeat @ Bedok Singapore 469662,142
https://www.volunteer.gov.sg/volunteer/opportunity/details/?id=3d290059-4baf-ec11-a9fa-e4c9a5b6a377,3
297 Lorong 6 Toa Payoh Toa Payoh Sport Hall Singapore 319389,3
https://www.volunteer.gov.sg/volunteer/opportunity/details/?id=3d5072c6-fad0-ec11-a9fb-f9ace7e5f016,0
"3000 Ang Mo Kio Avenue 8 Yio Chu Kang Sport Centre Singapore 569813, Beach volleyball court",0
https://www.volunteer.gov.sg/volunteer/opportunity/details/?id=3eeaaeb3-09d1-ec11-a9fb-f9ace7e5f016,33
5 Stadium Drive Ocbc Arena Singapore 397631,5
518 Clementi Avenue 3 Clementi Sports Centre Singapore 129907,28
https://www.volunteer.gov.sg/volunteer/opportunity/details/?id=407632b0-06d1-ec11-a9fb-f9ace7e5f016,34
11 Bedok North Street 1 Heartbeat @ Bedok Singapore 469662,34
https://www.volunteer.gov.sg/volunteer/opportunity/details/?id=41d54576-71d3-ec11-a9fb-f9ace7e5f016,1
800 Bukit Batok West Avenue 5 Bukit Gombak Stadium Singapore 659081,1
https://www.volunteer.gov.sg/volunteer/opportunity/details/?id=42318137-6190-ec11-a9f8-8430399f4244,30
50 Yuan Ching Road Singapore 618661,30
https://www.volunteer.gov.sg/volunteer/opportunity/details/?id=42f2f438-23eb-ec11-a9fc-e34b68278fc6,81
1 Orchard Road #04-00 The Social Kitchen @ YMCA Singapore 238824,81
https://www.volunteer.gov.sg/volunteer/opportunity/details/?id=43af8531-daed-ec11-a9fd-f74269a6f56d,4
Blk 574 Choa Chu Kang St 52 #01-296 Singapore 680574,3
Virtual Red Box (ZOOM) Singapore 238165,1
https://www.volunteer.gov.sg/volunteer/opportunity/details/?id=463bcf2a-43df-ec11-a9fc-e34b68278fc6,5
"1 Tampines Walk Our Tampines Hub Singapore 528523, (Level 5 Jogging Track)",5
https://www.volunteer.gov.sg/volunteer/opportunity/details/?id=466f5057-3dfb-ec11-a9ff-9d1555179c89,60
"1 Jalan Papan Terusan Recreational Centre Singapore 619392, MPH1 (Commercial Blocks)",60
https://www.volunteer.gov.sg/volunteer/opportunity/details/?id=46a9e850-b1e0-ec11-a9fc-e34b68278fc6,110
182A Woodlands Street 13 Marsiling Greenview Singapore 731182,110
https://www.volunteer.gov.sg/volunteer/opportunity/details/?id=49b36d28-69dd-ec11-aa01-f87a764abaad,0
21 Jurong East Street 31 Jurong East Sport Centre Singapore 609517,0
https://www.volunteer.gov.sg/volunteer/opportunity/details/?id=4bd11e11-d8fd-ec11-a9ff-9d1555179c89,7
297 Lorong 6 Toa Payoh Toa Payoh Sport Hall Singapore 319389,7
https://www.volunteer.gov.sg/volunteer/opportunity/details/?id=4ceed483-4ad0-ec11-a9fb-f9ace7e5f016,3
11 Penjuru Lane Paddle Lodge @ MacRitchie Singapore 609191,3
https://www.volunteer.gov.sg/volunteer/opportunity/details/?id=4d90c95a-bcd5-ec11-a9fb-f9ace7e5f016,1
800 Bukit Batok West Avenue 5 Bukit Gombak Stadium Singapore 659081,1
https://www.volunteer.gov.sg/volunteer/opportunity/details/?id=4e7bc903-b0eb-ec11-a9fc-e34b68278fc6,128
113 Somerset Road The Red Box Singapore 238165,16
2 Ang Mo Kio Street 23 Saint Luke’s Eldercare Residence @ Ang Mo Kio Singapore 569341,96
"461 Clementi Road, Block A, SIM HQ #04-11 Saint Luke's Eldercare Headquarters Singapore 599491",16
https://www.volunteer.gov.sg/volunteer/opportunity/details/?id=53398258-67f5-ec11-a9fe-85070ef30829,1
407 Northshore Drive #01-27 Decathlon Northshore Plaza Singapore 820407,1
https://www.volunteer.gov.sg/volunteer/opportunity/details/?id=538ffc28-d1f1-ec11-a9fd-f74269a6f56d,3
109 North Bridge Road Department Of Statistics Singapore 179097,3
https://www.volunteer.gov.sg/volunteer/opportunity/details/?id=54f2f5f6-a5d1-ec11-aa00-beebdfe11d82,10
Blk 574 Choa Chu Kang St 52 #01-296 Singapore 680574,2
Virtual Red Box (ZOOM) Singapore 238165,8
https://www.volunteer.gov.sg/volunteer/opportunity/details/?id=55f1d8f5-79d6-ec11-a9fb-f9ace7e5f016,55
30 Yuan Ching Road ActiveSG Park @ Jurong Lake Gardens Singapore 618664,55
https://www.volunteer.gov.sg/volunteer/opportunity/details/?id=5696d36c-6af3-ec11-a9fe-85070ef30829,18
30 Prinsep Street Income At Prinsep Singapore 188647,18
https://www.volunteer.gov.sg/volunteer/opportunity/details/?id=572e77ec-3ffb-ec11-aa04-f72aee03126e,1
"113 Somerset Road The Red Box Singapore 238165, Online",1
https://www.volunteer.gov.sg/volunteer/opportunity/details/?id=59ad7cf5-e192-eb11-a9f2-ccdc4dbd0b11,1
10 Woodlands Drive 17 Masjid Yusof Ishak Singapore 737740,1
https://www.volunteer.gov.sg/volunteer/opportunity/details/?id=5ecbcb8c-d1d1-ec11-a9fb-f9ace7e5f016,5
Blk 183 Bukit Batok West Ave 8 #01-101 Singapore 650183,2
Virtual Red Box (ZOOM) Singapore 238165,3
https://www.volunteer.gov.sg/volunteer/opportunity/details/?id=5f2cba09-9ae1-ec11-a9fc-e34b68278fc6,0
120 Pasir Ris Central Pasir Ris Sports And Recreation Centre Singapore 519640,0
30 Yuan Ching Road ActiveSG Jurong Lake Gardens Singapore 618664,0
https://www.volunteer.gov.sg/volunteer/opportunity/details/?id=5f3396d8-dcfd-ec11-a9ff-9d1555179c89,18
518 Clementi Avenue 3 Clementi Sports Hall Singapore 129907,18
https://www.volunteer.gov.sg/volunteer/opportunity/details/?id=5f4dca7c-c5d1-ec11-aa00-beebdfe11d82,12
Blk 8 Joo Seng Road #01-08 Singapore 360008,11
Virtual Red Box (ZOOM) Singapore 238165,1
https://www.volunteer.gov.sg/volunteer/opportunity/details/?id=5f7d8ded-03d1-ec11-a9fb-f9ace7e5f016,0
32 New Market Road People's Park Food Centre Singapore 050032,0
https://www.volunteer.gov.sg/volunteer/opportunity/details/?id=5fa7e8a5-c0d9-ec11-aa01-f87a764abaad,2
1 Tampines Walk Our Tampines Hub (Level 6) Singapore 528523,2
https://www.volunteer.gov.sg/volunteer/opportunity/details/?id=5fc66415-0cf3-ec11-aa03-eadca8c96776,43
11 Jalan Ubi Kembangan-chai Chee Community Hub Singapore 409074,43
https://www.volunteer.gov.sg/volunteer/opportunity/details/?id=603fe972-fbf1-ec11-a9fd-f74269a6f56d,4
1 Choa Chu Kang Street 53 Choa Chu Kang Sports Centre Singapore 689236,1
"151 New Bridge Road Chinatown Mrt Station Singapore 059443, Exit C",2
200 Ang Mo Kio Avenue 9 Yio Chu Kang Sports Centre Singapore 569770,0
297 Lorong 6 Toa Payoh Toa Payoh Sport Centre Singapore 319389,0
57 Anchorvale Road Sengkang Sports Centre Singapore 544964,1
https://www.volunteer.gov.sg/volunteer/opportunity/details/?id=60705492-c8eb-ec11-a9fc-e34b68278fc6,12
1 Bishan Street 14 Bishan Active Health Lab Singapore 579778,12
https://www.volunteer.gov.sg/volunteer/opportunity/details/?id=60da60da-00d1-ec11-a9fb-f9ace7e5f016,15
5 Stadium Drive Ocbc Arena Singapore 397631,0
93 Hougang Avenue 4 Hougang Sports Centre Singapore 538832,15
https://www.volunteer.gov.sg/volunteer/opportunity/details/?id=6618c5c9-c4f2-ec11-a9fe-85070ef30829,11
3 Woodlands Street 13 Woodlands Swimming Complex Singapore 738600,11
https://www.volunteer.gov.sg/volunteer/opportunity/details/?id=66fa920d-7bcf-ec11-a9fb-f9ace7e5f016,0
"120 Pasir Ris Central Pasir Ris Sports And Recreation Centre Singapore 519640, Sport Hall",0
https://www.volunteer.gov.sg/volunteer/opportunity/details/?id=68324f39-d5fa-ec11-a9ff-9d1555179c89,41
1 Orchard Road Ymca Singapore 238824,41
https://www.volunteer.gov.sg/volunteer/opportunity/details/?id=6896854e-c6e0-ec11-aa01-f87a764abaad,0
1 Orchard Road Ymca Singapore 238824,0
https://www.volunteer.gov.sg/volunteer/opportunity/details/?id=6a7c84e6-91eb-ec11-a9fc-e34b68278fc6,17
10 Woodlands Drive 17 -10 Woodlan Masjid Yusof Ishak Singapore 737740,17
https://www.volunteer.gov.sg/volunteer/opportunity/details/?id=6af975b1-fad0-ec11-a9fb-f9ace7e5f016,373
"1 Stadium Drive National Stadium Singapore 397629, SportHub",373
https://www.volunteer.gov.sg/volunteer/opportunity/details/?id=6b601bb1-4afb-ec11-a9ff-9d1555179c89,53
"100 Sembawang Drive Cochrane Recreational Centre Singapore 756998, MPH1 (Beside canteen)",53
https://www.volunteer.gov.sg/volunteer/opportunity/details/?id=6c06f3f5-99dc-ec11-a9fc-e34b68278fc6,6
BLK 536 Choa Chu Kang St 51 #01-142 Singapore 680536,5
Virtual Red Box (ZOOM) Singapore 238165,1
https://www.volunteer.gov.sg/volunteer/opportunity/details/?id=6d530d12-7cf7-ec11-aa03-eadca8c96776,9
214 Ang Mo Kio Avenue 9 Yio Chu Kang Sports Hall Singapore 569780,9
https://www.volunteer.gov.sg/volunteer/opportunity/details/?id=6d728854-d6f8-ec11-a9ff-9d1555179c89,27594
1 Tampines Street 92 Safra Clubhouse (tampines) Singapore 528882,2400
2 Bukit Batok West Avenue 7 Dbs Ntuc Hometeam Bukit Batok Singapore 659003,4396
2 Telok Blangah Way SAFRA Mount Faber Singapore 098803,2398
2 Yishun Walk Hometeamns Clubhouse Singapore 767944,4400
293 Lorong 6 Toa Payoh Dbs Safra Toa Payoh Singapore 319387,2400
31 Ah Hood Road Hometeamns-jom Balestier Singapore 329979,4400
333 Boon Lay Way SAFRA Jurong Singapore 649848,2400
60 Yishun Avenue 4 SAFRA Yishun Singapore 769027,2400
9 Sentul Crescent Dbs Safra Punggol Singapore 828654,2400
https://www.volunteer.gov.sg/volunteer/opportunity/details/?id=7043102a-d9d0-ec11-aa00-beebdfe11d82,0
3000 Ang Mo Kio Avenue 8 Yio Chu Kang Sport Centre Singapore 569813,0
https://www.volunteer.gov.sg/volunteer/opportunity/details/?id=715dfa70-3cd1-ec11-a9fb-f9ace7e5f016,104
7 Stadium Drive Ocbc Aquatic Centre Singapore 397632,104
https://www.volunteer.gov.sg/volunteer/opportunity/details/?id=72483458-e07f-ec11-a9f8-8430399f4244,115
10 Bukit Panjang Ring Road Al - Iman Mosque Singapore 679943,12
"10 Woodlands Drive 17 Singapore 737740, - Default Option",46
120 Tampines Road Masjid En-naeem Singapore 535136,12
200 Bedok Reservoir Road Masjid Alkaff Kampung Melayu Singapore 479221,5
30 Bukit Batok East Avenue 2 Masjid Ar-raudhah Singapore 659919,4
3002 Commonwealth Avenue West Darussalam Mosque Singapore 129579,8
503 Tampines Avenue 5 Darul Ghufran Mosque Singapore 529651,8
5140 Ang Mo Kio Avenue 6 Al - Muttaqin Mosque Singapore 569844,4
590 Stirling Road Mujahidin Mosque Singapore 148952,8
6 Admiralty Road An - Nur Mosque Singapore 739983,4
950 Yishun Avenue 2 Darul Makmur Mosque Singapore 769099,4
https://www.volunteer.gov.sg/volunteer/opportunity/details/?id=72bfcca4-f8d0-ec11-a9fb-f9ace7e5f016,2
5 Stadium Drive Ocbc Arena Singapore 397631,1
57 Anchorvale Road Sengkang Sports Centre Singapore 544964,1
https://www.volunteer.gov.sg/volunteer/opportunity/details/?id=732869d8-09d1-ec11-a9fb-f9ace7e5f016,18
5 Stadium Drive Ocbc Arena Singapore 397631,18
https://www.volunteer.gov.sg/volunteer/opportunity/details/?id=744342a2-f1e5-ec11-a9fc-e34b68278fc6,1
1384 Ang Mo Kio Avenue 1 Bishan-Ang Mo Kio Park (River Plains) Singapore 569932,1
https://www.volunteer.gov.sg/volunteer/opportunity/details/?id=749a83c2-c1eb-ec11-a9fc-e34b68278fc6,0
"151 Yishun Street 11 Chong Pang Vista Singapore 760151, CampusImpact",0
https://www.volunteer.gov.sg/volunteer/opportunity/details/?id=756aa3d0-3cd1-ec11-aa00-beebdfe11d82,31
"1 Tampines Walk Our Tampines Hub Singapore 528523, ActiveSG Swimming Pool",31
https://www.volunteer.gov.sg/volunteer/opportunity/details/?id=7571a08f-f19f-ea11-a9e5-de926f559a1a,2279
512 Thomson Road MSF Building Singapore 298136,2279
https://www.volunteer.gov.sg/volunteer/opportunity/details/?id=75c1ac35-52e6-ec11-aa01-f87a764abaad,0
2 Bukit Batok Street 22 Bukit Batok Swimming Complex Singapore 659581,0
https://www.volunteer.gov.sg/volunteer/opportunity/details/?id=761b2325-defd-ec11-a9ff-9d1555179c89,12
41 Clementi Avenue 1 Nan Hua High School Singapore 129956,12
https://www.volunteer.gov.sg/volunteer/opportunity/details/?id=76fae7f7-e9b3-ec11-a9fa-e4c9a5b6a377,39
nil nil Singapore 457056,39
https://www.volunteer.gov.sg/volunteer/opportunity/details/?id=7786edf3-78f3-ec11-a9fe-85070ef30829,18
301 Lorong 6 Toa Payoh Toa Payoh Sports Centre Singapore 319392,18
https://www.volunteer.gov.sg/volunteer/opportunity/details/?id=77dbcd32-e6f8-ec11-a9ff-9d1555179c89,36
101 Woodlands Street 13 Singapore 730101,2
105 Bedok North Avenue 4 Pearl Garden Singapore 460105,3
182A Woodlands Street 13 Marsiling Greenview Singapore 731182,9
187B Bedok North Street 4 Fengshan Community Club Singapore 462187,5
22 Ghim Moh Link Ghim Moh Valley Singapore 271022,2
302 Yishun Central Yishun Rivergreen Singapore 760302,1
4 Eng Kong Terrace Kismis Residences Singapore 598976,7
661D Jurong West Street 64 Singapore 644661,3
734 Woodlands Circle Singapore 730734,2
764A Woodlands Circle Singapore 731764,2
993 Bukit Timah Road Maple Woods Singapore 589631,0
https://www.volunteer.gov.sg/volunteer/opportunity/details/?id=78feff8a-92c8-ec11-a9fb-f9ace7e5f016,71
934 Yishun Central 1 Singapore 76093,50
Virtual Red Box (ZOOM) Singapore 238165,21
https://www.volunteer.gov.sg/volunteer/opportunity/details/?id=79e7127a-d462-ec11-a9f3-9dc3772de413,17
50 Yuan Ching Road Singapore 618661,17
https://www.volunteer.gov.sg/volunteer/opportunity/details/?id=7a2a92bc-6993-eb11-a9ed-fcbf2374cac6,3
76 Kim Keat Road Masjid Hajjah Rahimabi Kebun Limau Singapore 328835,3
https://www.volunteer.gov.sg/volunteer/opportunity/details/?id=7b685584-96c0-ec11-aa00-beebdfe11d82,56
473 Stirling Road Queenstown Sports Centre Singapore 148948,56
https://www.volunteer.gov.sg/volunteer/opportunity/details/?id=7bf1c48a-dbfd-ec11-a9ff-9d1555179c89,21
518 Clementi Avenue 3 Clementi Sports Centre Singapore 129907,21
https://www.volunteer.gov.sg/volunteer/opportunity/details/?id=7ec7201d-a6fa-ec11-a9ff-9d1555179c89,0
"1 Stadium Drive National Stadium Singapore 397629, SportHub",0
https://www.volunteer.gov.sg/volunteer/opportunity/details/?id=7fc38ee8-54cf-ec11-a9fb-f9ace7e5f016,10
9 Teck Whye Lane #01-262 Singapore 680009,3
Virtual Red Box (ZOOM) Singapore 238165,7
https://www.volunteer.gov.sg/volunteer/opportunity/details/?id=814ae8b4-6593-eb11-a9ed-fcbf2374cac6,3
2 Serangoon North Avenue 2 Masjid Al-istiqamah Singapore 555876,3
https://www.volunteer.gov.sg/volunteer/opportunity/details/?id=827ce6d8-f2d0-ec11-a9fb-f9ace7e5f016,29
297 Lorong 6 Toa Payoh Toa Payoh Sports Hall Singapore 319389,29
https://www.volunteer.gov.sg/volunteer/opportunity/details/?id=84765379-01f2-ec11-a9fd-f74269a6f56d,50
3 Woodlands Street 13 Woodlands Swimming Complex Singapore 738600,50
https://www.volunteer.gov.sg/volunteer/opportunity/details/?id=874d973c-22f8-ec11-a9fe-85070ef30829,11
113 Somerset Road The Red Box Singapore 238165,11
https://www.volunteer.gov.sg/volunteer/opportunity/details/?id=88bc391c-50fb-ec11-a9ff-9d1555179c89,88
113 Somerset Road The Red Box Singapore 238165,88
https://www.volunteer.gov.sg/volunteer/opportunity/details/?id=89d59648-a9eb-ec11-a9fc-e34b68278fc6,975
20 Lengkok Bahru Singapore 159053,975
https://www.volunteer.gov.sg/volunteer/opportunity/details/?id=8c5980b0-fb92-eb11-a9ed-fcbf2374cac6,2
15 Jalan Ulu Seletar Masjid Ahmad Ibrahim Singapore 769227,2
https://www.volunteer.gov.sg/volunteer/opportunity/details/?id=8d1d1d0d-ccf6-ec11-a9fe-85070ef30829,0
164 Stirling Road Mei Ling Vista Singapore 140164,0
https://www.volunteer.gov.sg/volunteer/opportunity/details/?id=8ddf2d41-77ec-ec11-a9fc-e34b68278fc6,15
01 Admiralty Park Singapore 738966,15
https://www.volunteer.gov.sg/volunteer/opportunity/details/?id=8fbcbf57-a0d1-ec11-a9fb-f9ace7e5f016,5
"21 Jurong East Street 31 Jurong East Sport Centre Singapore 609517, L2 Active Health lab",5
https://www.volunteer.gov.sg/volunteer/opportunity/details/?id=90f5b9c8-84b5-ec11-a9fa-e4c9a5b6a377,0
113 Somerset Road Virtual Red Box (ZOOM) Singapore 238165,0
https://www.volunteer.gov.sg/volunteer/opportunity/details/?id=93338b1a-0572-ec11-a9f4-ec6333e71e30,239
20 Lengkok Bahru Family@Enabling Village Singapore 159053,239
https://www.volunteer.gov.sg/volunteer/opportunity/details/?id=94c8bd84-46df-ec11-a9fc-e34b68278fc6,3
"11 Bedok North Street 1 Heartbeat @ Bedok Singapore 469662, Bedok ActiveSG Sport Centre",3
https://www.volunteer.gov.sg/volunteer/opportunity/details/?id=94d09094-15d8-ec11-a9fc-e34b68278fc6,209
101 Bedok North Avenue 4 #01-1958 THK Seniors Activity Centre @ Fengshan 101 Singapore 460101,209
https://www.volunteer.gov.sg/volunteer/opportunity/details/?id=94df5fea-7ccf-ec11-aa00-beebdfe11d82,3
5 Stadium Drive Ocbc Arena Singapore 397631,3
https://www.volunteer.gov.sg/volunteer/opportunity/details/?id=9545711f-c9f2-ec11-a9fe-85070ef30829,3
296B Bukit Batok Street 22 Bukit Batok Zone 11 Resident Network Singapore 652296,3
https://www.volunteer.gov.sg/volunteer/opportunity/details/?id=95458ee1-82ab-ec11-a9fa-e4c9a5b6a377,287
"113 Somerset Road The Red Box Singapore 238165, Virtual redbox",62
159 Lorong 1 Toa Payoh #01-1530 SG Cares Volunteer Centre @ Toa Payoh Singapore 310159,225
https://www.volunteer.gov.sg/volunteer/opportunity/details/?id=954aed68-9490-ec11-a9f8-8430399f4244,0
633 Bedok Reservoir Road Bedok Rervoir Singapore 410633,0
https://www.volunteer.gov.sg/volunteer/opportunity/details/?id=957e4940-f2e5-ec11-aa01-f87a764abaad,15
1384 Ang Mo Kio Avenue 1 Bishan-Ang Mo Kio Park (River Plains) Singapore 569932,15
https://www.volunteer.gov.sg/volunteer/opportunity/details/?id=97d57c34-12eb-ec11-a9fc-e34b68278fc6,0
446 Punggol Way Punggol Point Cove Singapore 820446,0
https://www.volunteer.gov.sg/volunteer/opportunity/details/?id=985f2ec4-a0fa-ec11-a9ff-9d1555179c89,93
"1 Stadium Drive National Stadium Singapore 397629, SportHub",93
https://www.volunteer.gov.sg/volunteer/opportunity/details/?id=98b45671-1ff9-ec11-a9ff-9d1555179c89,5
"1 Stadium Drive National Stadium Singapore 397629, SportHub",5
https://www.volunteer.gov.sg/volunteer/opportunity/details/?id=98e228ea-e7fd-ec11-aa04-f72aee03126e,1
2 Clementi West Street 2 West Coast Community Centre Singapore 129605,1
https://www.volunteer.gov.sg/volunteer/opportunity/details/?id=9dd32077-cef5-ec11-a9fe-85070ef30829,48
"512 Thomson Road Singapore 298136, Do note that the sharing session will be held online and not physical. Thanks!",48
https://www.volunteer.gov.sg/volunteer/opportunity/details/?id=9ddd921c-54f9-ec11-a9ff-9d1555179c89,56
1 Choa Chu Kang Street 53 Choa Chu Kang Sports Centre Singapore 689236,7
11 Bedok North Street 1 Heartbeat@Bedok Singapore 469662,17
133 Canberra View Bukit Canberra Sport Hall Singapore 750133,8
"151 New Bridge Road Chinatown Mrt Station Singapore 059443, Exit C",4
297 Lorong 6 Toa Payoh Toa Payoh Sport Centre Singapore 319389,5
30 Yuan Ching Road ActiveSG Jurong Lake Gardens Singapore 618664,7
57 Anchorvale Road Sengkang Sports Centre Singapore 544964,8
https://www.volunteer.gov.sg/volunteer/opportunity/details/?id=9e0c3e8f-c0c7-ec11-a9fb-f9ace7e5f016,62
113 Somerset Road The Red Box Singapore 238165,62
https://www.volunteer.gov.sg/volunteer/opportunity/details/?id=9f1818f9-7ce5-ec11-aa01-f87a764abaad,25
100 Tyrwhitt Road Jalan Besar Sports Centre Singapore 207542,25
https://www.volunteer.gov.sg/volunteer/opportunity/details/?id=9f957c27-d2f5-ec11-aa03-eadca8c96776,35
"11 Bedok North Street 1 Heartbeat @ Bedok Singapore 469662, Bedok ActiveSG Sport Centre",35
https://www.volunteer.gov.sg/volunteer/opportunity/details/?id=a134dd4a-c1b0-ec11-a9ff-dc9750ca68cb,11
189 Boon Lay Drive Boon Lay Vista Singapore 640189,11
https://www.volunteer.gov.sg/volunteer/opportunity/details/?id=a2b9ef73-3dd1-ec11-aa00-beebdfe11d82,0
120 Pasir Ris Central Pasir Ris Sports And Recreation Centre Singapore 519640,0
https://www.volunteer.gov.sg/volunteer/opportunity/details/?id=a35869ec-70ec-ec11-a9fc-e34b68278fc6,15
6A Admiralty Road West Singapore 757445,15
https://www.volunteer.gov.sg/volunteer/opportunity/details/?id=a76516cc-0deb-ec11-a9fc-e34b68278fc6,0
"0 Pasir Ris Central Singapore 519639, Meeting point: Outside C1 toilet block",0
https://www.volunteer.gov.sg/volunteer/opportunity/details/?id=a8623f3a-4af0-ec11-aa02-e0db57c9cab0,0
113 Somerset Road The Red Box Singapore 238165,0
https://www.volunteer.gov.sg/volunteer/opportunity/details/?id=a93a59a9-28f9-ec11-a9ff-9d1555179c89,72
"Tampines Plaza 2, 5 Tampines Central 1, #02-04 Singapore 529541",72
https://www.volunteer.gov.sg/volunteer/opportunity/details/?id=a964ae59-24c1-ec11-a9fb-f9ace7e5f016,17
"113 Somerset Road The Red Box Singapore 238165, [Virtual]",17
https://www.volunteer.gov.sg/volunteer/opportunity/details/?id=b0cc5fae-0bba-ec11-a9fb-f9ace7e5f016,0
11 Bedok North Street 1 Heartbeat@Bedok Level Sports Hall Singapore 469662,0
https://www.volunteer.gov.sg/volunteer/opportunity/details/?id=b7bf2868-9dde-ec11-a9fc-e34b68278fc6,222
221A Boon Lay Place Boon Lay Place Market And Food Village Singapore 641221,222
https://www.volunteer.gov.sg/volunteer/opportunity/details/?id=b7ec875e-b4d8-ec11-a9fc-e34b68278fc6,1
113 Somerset Road The Red Box Singapore 238165,1
501 Margaret Drive Rainbow Centre - Margaret Drive Singapore 149306,0
https://www.volunteer.gov.sg/volunteer/opportunity/details/?id=b7fa505b-4ef0-ec11-a9fd-f74269a6f56d,19
701B Yishun Ave 5 Singapore 762701,16
Virtual Red Box (ZOOM) Singapore 238165,3
https://www.volunteer.gov.sg/volunteer/opportunity/details/?id=b85ff085-6bf0-ec11-a9fd-f74269a6f56d,46
51 Kee Sun Avenue -51 Kee Sun Singapore 457056,46
https://www.volunteer.gov.sg/volunteer/opportunity/details/?id=b8d7fa4f-5afc-ec11-a9ff-9d1555179c89,66
"20 Lengkok Bahru Enabling Village Singapore 159053, ActiveSG Dance Studio",11
21 Jurong East Street 31 Jurong East Sport Centre Singapore 609517,20
"297 Lorong 6 Toa Payoh Toa Payoh Sport Centre Singapore 319389, Dance Studio",13
"518 Clementi Avenue 3 Clementi Sports Centre Singapore 129907, Dance Studio",22
https://www.volunteer.gov.sg/volunteer/opportunity/details/?id=ba345de2-10eb-ec11-a9fc-e34b68278fc6,12
446 Punggol Way Punggol Point Cove Singapore 820446,12
https://www.volunteer.gov.sg/volunteer/opportunity/details/?id=bb9b404b-f0d0-ec11-a9fb-f9ace7e5f016,3
21 Jurong East Street 31 Jurong East Stadium Singapore 609517,3
https://www.volunteer.gov.sg/volunteer/opportunity/details/?id=bd859247-6293-eb11-a9ed-fcbf2374cac6,1
2 Hillside Drive Masjid Haji Yusoff Singapore 548920,1
https://www.volunteer.gov.sg/volunteer/opportunity/details/?id=be69cf88-96a3-ec11-a9fa-e4c9a5b6a377,40
113 Somerset Road The Red Box Singapore 238165,40
https://www.volunteer.gov.sg/volunteer/opportunity/details/?id=bed01086-f6d0-ec11-a9fb-f9ace7e5f016,1
30 Margaret Drive Skyresidence @ Dawson Singapore 141030,1
https://www.volunteer.gov.sg/volunteer/opportunity/details/?id=c0301bc6-faf5-ec11-aa03-eadca8c96776,30
"51 Kee Sun Avenue -nil, nil Wisma Mendaki Singapore 457056",30
https://www.volunteer.gov.sg/volunteer/opportunity/details/?id=c127b507-deed-ec11-a9fd-f74269a6f56d,5
"Blk 61 Strathmore Avenue, #01-02 Singapore 141061",4
Virtual Red Box (ZOOM) Singapore 238165,1
https://www.volunteer.gov.sg/volunteer/opportunity/details/?id=c15f47e8-3bd1-ec11-aa00-beebdfe11d82,4
60 Jalan Mempurong PA Sembawang Singapore 759058,4
https://www.volunteer.gov.sg/volunteer/opportunity/details/?id=c22499b3-78d2-ec11-a9fb-f9ace7e5f016,10
9 Hougang Avenue 8 Xinmin Primary Singapore 538784,10
https://www.volunteer.gov.sg/volunteer/opportunity/details/?id=c26d375e-48d7-ec11-aa00-beebdfe11d82,4
"297 Lorong 6 Toa Payoh Toa Payoh Sport Centre Singapore 319389, Petanque Court",4
https://www.volunteer.gov.sg/volunteer/opportunity/details/?id=c3431371-de92-eb11-a9f2-ccdc4dbd0b11,3
6 Admiralty Road Masjid An-nur Singapore 739983,3
https://www.volunteer.gov.sg/volunteer/opportunity/details/?id=c39adf10-0993-eb11-a9ed-fcbf2374cac6,1
9A Bishan Street 14 Masjid An-Nahdhah Singapore 579786,1
https://www.volunteer.gov.sg/volunteer/opportunity/details/?id=c56f30dd-02b0-ec11-a9ff-dc9750ca68cb,0
113 Somerset Road Virtual Red Box (ZOOM) Singapore 238165,0
https://www.volunteer.gov.sg/volunteer/opportunity/details/?id=c59880af-d7ed-ec11-a9fd-f74269a6f56d,1
3779 Jalan Bukit Merah #01-03 Singapore 159462,1
Virtual Red Box (ZOOM) Singapore 238165,0
https://www.volunteer.gov.sg/volunteer/opportunity/details/?id=c8a7c2a2-01e7-ec11-a9fc-e34b68278fc6,2
351 Yishun Avenue 3 Yishun Swimming Complex Singapore 769057,2
https://www.volunteer.gov.sg/volunteer/opportunity/details/?id=c914072e-f1e5-ec11-a9fc-e34b68278fc6,1
1384 Ang Mo Kio Avenue 1 Bishan-Ang Mo Kio Park (River Plains) Singapore 569932,1
https://www.volunteer.gov.sg/volunteer/opportunity/details/?id=ca8cd0dd-3ed3-ec11-a9fb-f9ace7e5f016,96
21 Evans Road ActiveSG @ MOE Evans Singapore 259366,96
https://www.volunteer.gov.sg/volunteer/opportunity/details/?id=cbcc9f5d-62e8-ec11-a9fc-e34b68278fc6,0
10 Clementi Avenue 3 Clementi Town Secondary School Singapore 129904,0
https://www.volunteer.gov.sg/volunteer/opportunity/details/?id=cc8a1ce4-f5eb-ec11-a9fc-e34b68278fc6,1
57 Anchorvale Road #02-07 Sengkang Active Health Lab Singapore 544964,1
https://www.volunteer.gov.sg/volunteer/opportunity/details/?id=cd61b0de-e2f5-ec11-a9fe-85070ef30829,46
"12A Narooma Road Singapore 298316, Do note that the sharing session will be held online and not physical. Thanks!",46
https://www.volunteer.gov.sg/volunteer/opportunity/details/?id=ce1b14af-09f1-ec11-a9fd-f74269a6f56d,18
113 Somerset Road The Red Box Singapore 238165,18
https://www.volunteer.gov.sg/volunteer/opportunity/details/?id=d30da025-b3f2-ec11-aa03-eadca8c96776,0
520 Clementi Avenue 3 Clementi Swimming Complex Singapore 129908,0
https://www.volunteer.gov.sg/volunteer/opportunity/details/?id=d3e4fd43-15ce-ec11-a9fb-f9ace7e5f016,260
159 Lorong 1 Toa Payoh #01-1530 SG Cares Volunteer Centre @ Toa Payoh Singapore 310159,260
https://www.volunteer.gov.sg/volunteer/opportunity/details/?id=d5f8c6fe-dad0-ec11-aa00-beebdfe11d82,7
21 Jurong East Street 31 Jurong East Stadium Singapore 609517,7
https://www.volunteer.gov.sg/volunteer/opportunity/details/?id=da2fd5d9-cdc9-ec11-aa00-beebdfe11d82,16
"10 Boon Lay Place Boon Lay Community Club Singapore 649882, Basketball Court",16
https://www.volunteer.gov.sg/volunteer/opportunity/details/?id=dac4f2a7-edd0-ec11-a9fb-f9ace7e5f016,15
1 Stadium Drive Sport Hub 100 Plus Promenade Singapore 397629,15
https://www.volunteer.gov.sg/volunteer/opportunity/details/?id=dbc2b0c7-f9d0-ec11-a9fb-f9ace7e5f016,0
57 Anchorvale Road Sengkang Sports Centre Singapore 544964,0
https://www.volunteer.gov.sg/volunteer/opportunity/details/?id=dc265f46-ecfc-ec11-aa04-f72aee03126e,64
"- - Sentosa Beach Station Singapore 098604, https://goo.gl/maps/HmF6sFAehu2cvhNo6",64
https://www.volunteer.gov.sg/volunteer/opportunity/details/?id=dd24d0ab-b8f6-ec11-aa03-eadca8c96776,16
85 Sultan Gate Istana Kampong Glam Singapore 198501,16
https://www.volunteer.gov.sg/volunteer/opportunity/details/?id=dd6a0fd3-5e93-eb11-a9ed-fcbf2374cac6,2
275 Braddell Road Masjid Muhajirin Singapore 579704,2
https://www.volunteer.gov.sg/volunteer/opportunity/details/?id=def98a8a-ddd0-ec11-aa00-beebdfe11d82,11
"57 Anchorvale Road Sengkang Sports Centre Singapore 544964, Hockey Pitch",11
https://www.volunteer.gov.sg/volunteer/opportunity/details/?id=e08b671a-10f2-ec11-a9fd-f74269a6f56d,32
120 Pasir Ris Central Pasir Ris Sports And Recreation Centre Singapore 519640,32
https://www.volunteer.gov.sg/volunteer/opportunity/details/?id=e12d6df2-ecf8-ec11-a9ff-9d1555179c89,7
"52 Marine Terrace #01-189 Marine Terrace Haven Singapore 440052, GoodLife! Makan",7
https://www.volunteer.gov.sg/volunteer/opportunity/details/?id=e24160a8-12ee-ec11-a9fd-f74269a6f56d,34
520 Clementi Avenue 3 Clementi Swimming Complex Singapore 129908,34
https://www.volunteer.gov.sg/volunteer/opportunity/details/?id=e36bb427-74cf-ec11-aa00-beebdfe11d82,1
8 Stadium Boulevard Home of Athletics Singapore 397804,1
https://www.volunteer.gov.sg/volunteer/opportunity/details/?id=e503486a-df92-eb11-a9f2-ccdc4dbd0b11,2
1 Admiralty Lane Masjid Assyafaah Singapore 757620,2
https://www.volunteer.gov.sg/volunteer/opportunity/details/?id=e635d3f5-4456-ec11-a9f3-9dc3772de413,103
51 Kee Sun Avenue Wisma Mendaki Singapore 457056,103
https://www.volunteer.gov.sg/volunteer/opportunity/details/?id=e6487d61-39fc-ec11-a9ff-9d1555179c89,176
129 Whitley Rd Singapore 297822,158
Virtual Red Box (ZOOM) Singapore 238165,18
https://www.volunteer.gov.sg/volunteer/opportunity/details/?id=e9c1b5de-9cdc-ec11-a9fc-e34b68278fc6,4
377A Bukit Batok Street 31 #01-24 Singapore 651377,4
Virtual Red Box (ZOOM) Singapore 238165,0
https://www.volunteer.gov.sg/volunteer/opportunity/details/?id=ead2baab-03d1-ec11-a9fb-f9ace7e5f016,33
8 Stadium Boulevard Kallang Tennis Centre Singapore 397804,33
https://www.volunteer.gov.sg/volunteer/opportunity/details/?id=eb8ff5a0-0d8f-ec11-a9f8-8430399f4244,75
113 Somerset Road The Red Box Singapore 238165,11
945 Tampines Avenue 4 #01-328 The SBL Vision FSC Singapore 520945,64
https://www.volunteer.gov.sg/volunteer/opportunity/details/?id=ec6919d6-74cb-ec11-a9fb-f9ace7e5f016,16
"1 Jalan Papan Terusan Recreation Centre Singapore 619392, MPH 1 (Commercial Blocks)",16
https://www.volunteer.gov.sg/volunteer/opportunity/details/?id=ed23921b-e592-eb11-a9f2-ccdc4dbd0b11,3
950 Yishun Avenue 2 Darul Makmur Mosque Singapore 769099,3
https://www.volunteer.gov.sg/volunteer/opportunity/details/?id=edaa059c-d1fa-ec11-a9ff-9d1555179c89,306
159 Lorong 1 Toa Payoh #01-1530 SG Cares Volunteer Centre @ Toa Payoh Singapore 310159,306
https://www.volunteer.gov.sg/volunteer/opportunity/details/?id=ee077d80-d6d0-ec11-a9fb-f9ace7e5f016,0
11 Bedok North Street 1 Heartbeat@Bedok Singapore 469662,0
https://www.volunteer.gov.sg/volunteer/opportunity/details/?id=ee964265-70fb-ec11-a9ff-9d1555179c89,0
804 Woodlands Street 81 #01-37 Youth Guidance Outreach Services – Woodlands Centre Singapore 730804,0
https://www.volunteer.gov.sg/volunteer/opportunity/details/?id=ef6e431f-388a-ec11-a9f8-8430399f4244,41
20 Lengkok Bahru #00-00 Singapore 159053,41
https://www.volunteer.gov.sg/volunteer/opportunity/details/?id=ef7288b5-f8d7-ec11-aa01-f87a764abaad,2
"78 Airport Boulevard Jewel Changi Airport Singapore 819666, Event Venue: Jewel Changi Airport, Rain Vortex",2
https://www.volunteer.gov.sg/volunteer/opportunity/details/?id=f25e397f-42f1-ec11-a9fd-f74269a6f56d,53
"11 Bedok North Street 1 Heartbeat @ Bedok Singapore 469662, ActiveHealth Lab, Level 4",53
https://www.volunteer.gov.sg/volunteer/opportunity/details/?id=f440ca64-caf5-ec11-a9fe-85070ef30829,51
"1 Tampines Walk Singapore 528523, Our Tampines Hub ActiveHealth Lab",51
https://www.volunteer.gov.sg/volunteer/opportunity/details/?id=f4684b77-24f9-ec11-a9ff-9d1555179c89,10
"1 Stadium Drive National Stadium Singapore 397629, SportHub",10
https://www.volunteer.gov.sg/volunteer/opportunity/details/?id=f5ead71a-fa92-eb11-a9f2-ccdc4dbd0b11,5
5140 Ang Mo Kio Avenue 6 Masjid Al-Muttaqin Singapore 569844,5
https://www.volunteer.gov.sg/volunteer/opportunity/details/?id=f5f4e7e5-39d1-ec11-aa00-beebdfe11d82,11
"1 Tampines Walk Our Tampines Hub Singapore 528523, Sport Hall",11
https://www.volunteer.gov.sg/volunteer/opportunity/details/?id=f66dbdf3-42fb-ec11-aa04-f72aee03126e,0
"- Lock Road Telok Blanagh Hill Park Singapore 109178, Meeting Point: At Lock Road Under Forest Walk",0
https://www.volunteer.gov.sg/volunteer/opportunity/details/?id=f7afff8a-08d1-ec11-aa00-beebdfe11d82,30
200 Ang Mo Kio Avenue 9 Yio Chu Kang Sports Centre Singapore 569770,30
https://www.volunteer.gov.sg/volunteer/opportunity/details/?id=f978f2f2-c4bb-ec11-a9fb-f9ace7e5f016,1
50 Yuan Ching Road Singapore 618661,1
https://www.volunteer.gov.sg/volunteer/opportunity/details/?id=faa02ea1-b7f9-ec11-aa04-f72aee03126e,0
"11 Bedok North Street 1 Heartbeat@Bedok Singapore 469662, (level 4 table tennis area)",0
https://www.volunteer.gov.sg/volunteer/opportunity/details/?id=fb58c5d5-06d9-ec11-aa01-f87a764abaad,0
136 Simei Street 1 Amphitheatre Singapore 520136,0
https://www.volunteer.gov.sg/volunteer/opportunity/details/?id=fba43017-6493-eb11-a9ed-fcbf2374cac6,3
66 Pheng Geck Avenue Masjid Alkaff Upper Serangoon Singapore 348261,3
https://www.volunteer.gov.sg/volunteer/opportunity/details/?id=fc1f7123-8067-ec11-a9f4-ec6333e71e30,307
50 Yuan Ching Road Singapore 618661,307
https://www.volunteer.gov.sg/volunteer/opportunity/details/?id=fc5c2cef-33f1-ec11-aa02-e0db57c9cab0,20
113 Somerset Road The Red Box Singapore 238165,20
https://www.volunteer.gov.sg/volunteer/opportunity/details/?id=fdf350d7-dbed-ec11-a9fd-f74269a6f56d,0
"51 Havelock Rd, #01-25 Singapore 161051",0
Virtual Red Box (ZOOM) Singapore 238165,0
https://www.volunteer.gov.sg/volunteer/opportunity/details/?id=ff5269d1-14d1-ec11-a9fb-f9ace7e5f016,38
3 Stadium Drive Sport Singapore HQ Singapore 397630,38
Grand Total,50407
